,Name,Price,Link,Brand
0,Sky Blush Khadi Shirt,"₹2,700",https://upcycleluxe.com/products/sky-blush-khadi-shirt,ac-by-aratrika-chauhan
1,Blush Pink Khadi Shirt,"₹2,700",https://upcycleluxe.com/products/blush-pink-khadi-shirt,ac-by-aratrika-chauhan
2,Forest Green Khadi Shirt,"₹2,700",https://upcycleluxe.com/products/forest-green-khadi-shirt,ac-by-aratrika-chauhan
3,Midnight Blue Khadi Shirt,"₹2,700",https://upcycleluxe.com/products/midnight-blue-khadi-shirt,ac-by-aratrika-chauhan
4,Cherrywood Ash Khadi Shirt,"₹2,700",https://upcycleluxe.com/products/cherrywood-ash-khadi-shirt,ac-by-aratrika-chauhan
5,Linen Shirt,"₹3,000",https://upcycleluxe.com/products/linen-shirt,ac-by-aratrika-chauhan
6,Linen Patch pocket shirt,"₹3,000",https://upcycleluxe.com/products/linen-patch-pocket-shirt,ac-by-aratrika-chauhan
7,Linen Patch pocket half sleeve shirt,"₹3,000",https://upcycleluxe.com/products/linen-patch-pocket-half-sleeve-shirt,ac-by-aratrika-chauhan
8,Linen Band Collar Half sleeve shirt,"₹3,000",https://upcycleluxe.com/products/linen-band-collar-half-sleeve-shirt,ac-by-aratrika-chauhan
9,Linen Half sleeve shirt,"₹3,000",https://upcycleluxe.com/products/linen-half-sleeve-shirt,ac-by-aratrika-chauhan
10,AC By Aratrika Chauhan 100% Organic Linen Orange Jacket-Pant,"₹3,700",https://upcycleluxe.com/products/ac-by-aratrika-chauhan-100-organic-linen-orange-jacket-pant,ac-by-aratrika-chauhan
11,AC By Aratrika Chauhan 100% Organic Linen Blue Kurti-Pant,"₹3,700",https://upcycleluxe.com/products/ac-by-aratrika-chauhan-100-organic-linen-blue-kurti-pant,ac-by-aratrika-chauhan
12,AC By Aratrika Chauhan 100% Organic Linen Blue Jacket-Pant,"₹3,700",https://upcycleluxe.com/products/ac-by-aratrika-chauhan-100-organic-linen-blue-jacket-pant,ac-by-aratrika-chauhan
13,AC By Aratrika Chauhan 100% Organic Linen Majenta Kurti-Pant,"₹3,700",https://upcycleluxe.com/products/ac-by-aratrika-chauhan-100-organic-linen-majenta-kurti-pant,ac-by-aratrika-chauhan
14,AC By Aratrika Chauhan 100% Organic Linen Majenta Jacket-Pant,"₹3,700",https://upcycleluxe.com/products/ac-by-aratrika-chauhan-100-organic-linen-majenta-jacket-pant,ac-by-aratrika-chauhan
15,AC By Aratrika Chauhan 100% Organic Handloom Cotton Silver Cream Angarkha Overlap Dress,"₹4,500",https://upcycleluxe.com/products/ac-by-aratrika-chauhan-100-organic-handloom-cotton-silver-cream-angarkha-overlap-dress,ac-by-aratrika-chauhan
16,AC By Aratrika Chauhan 100% Organic Handloom Cotton Silver Cream Angarkha -Pant,"₹5,000",https://upcycleluxe.com/products/ac-by-aratrika-chauhan-100-organic-handloom-cotton-silver-cream-angarkha-pant,ac-by-aratrika-chauhan
17,AC By Aratrika Chauhan 100% Organic Handloom Embroidered Kurti-Skirt,"₹6,000",https://upcycleluxe.com/products/ac-by-aratrika-chauhan-100-organic-handloom-embroidered-kurti-skirt,ac-by-aratrika-chauhan
18,AC By Aratrika Chauhan 100% Organic Handloom Embroidered Kurti-Pant-Crop Top,"₹6,500",https://upcycleluxe.com/products/ac-by-aratrika-chauhan-100-organic-handloom-embroidered-kurti-pant-crop-top,ac-by-aratrika-chauhan
19,AC By Aratrika Chauhan 100% Organic Handloom Cotton Silver Cream Skirt- Top - Jacket,"₹6,500",https://upcycleluxe.com/products/ac-by-aratrika-chauhan-100-organic-handloom-cotton-silver-cream-skirt-top-jacket,ac-by-aratrika-chauhan
20,AC By Aratrika Chauhan 100% Organic Handloom Embroidered Jacket - Dress,"₹9,000",https://upcycleluxe.com/products/ac-by-aratrika-chauhan-100-organic-handloom-embroidered-jacket-dress,ac-by-aratrika-chauhan
21,AC By Aratrika Chauhan 100% Organic Cotton Linen White Skirt-Top,"₹5,500",https://upcycleluxe.com/products/ac-by-aratrika-chauhan-100-organic-cotton-linen-white-skirt-top,ac-by-aratrika-chauhan
22,AC By Aratrika Chauhan 100% Organic Cotton Linen White Dress,"₹3,000",https://upcycleluxe.com/products/ac-by-aratrika-chauhan-100-organic-cotton-linen-white-dress,ac-by-aratrika-chauhan
23,AC By Aratrika Chauhan 100% Organic Cotton Linen White Shirt,"₹2,700",https://upcycleluxe.com/products/ac-by-aratrika-chauhan-100-organic-cotton-linen-white-shirt,ac-by-aratrika-chauhan
24,AC By Aratrika Chauhan 100% Organic Jute Purple-Blue Skirt-Top,"₹5,500",https://upcycleluxe.com/products/ac-by-aratrika-chauhan-100-organic-jute-purple-blue-skirt-top,ac-by-aratrika-chauhan
25,AC By Aratrika Chauhan 100% Organic Jute Purple-Blue Shirt-Short Set,"₹3,500",https://upcycleluxe.com/products/ac-by-aratrika-chauhan-100-organic-jute-purple-blue-shirt-short,ac-by-aratrika-chauhan
26,AC By Aratrika Chauhan 100% Organic Jute Purple-Blue Dress,"₹2,800",https://upcycleluxe.com/products/ac-by-aratrika-chauhan-100-organic-jute-purple-blue-dress,ac-by-aratrika-chauhan
27,AC By Aratrika Chauhan 100% Organic Handloom Cotton Stripe Green Crop Jacket-Dress,"₹4,500",https://upcycleluxe.com/products/ac-by-aratrika-chauhan-100-organic-handloom-cotton-stripe-green-crop-jacket-dress,ac-by-aratrika-chauhan
28,AC By Aratrika Chauhan 100% Organic Handloom Cotton Stripe Pink Jacket-Pant,"₹5,000",https://upcycleluxe.com/products/ac-by-aratrika-chauhan-100-organic-handloom-cotton-stripe-pink-jacket-pant,ac-by-aratrika-chauhan
29,AC By Aratrika Chauhan 100% Organic Cotton Linen White Overlap Dress,"₹3,700",https://upcycleluxe.com/products/ac-by-aratrika-chauhan-100-organic-cotton-linen-white-overlap-dress,ac-by-aratrika-chauhan
30,AC By Aratrika Chauhan 100% Organic Cotton Mulmul Grey Dress,"₹3,300",https://upcycleluxe.com/products/grey-mul-dress,ac-by-aratrika-chauhan
31,AC By Aratrika Chauhan 100% Organic Cotton Mulmul Peach Kurta - Pant set,"₹5,500",https://upcycleluxe.com/products/peach-mul-kurta-pant-set,ac-by-aratrika-chauhan
32,AC By Aratrika Chauhan 100% Organic Cotton Mulmul Green Skirt - Top - Jacket -Stole Set,"₹5,500",https://upcycleluxe.com/products/green-mul-skirt-top-jacket-stole-set,ac-by-aratrika-chauhan
33,AC By Aratrika Chauhan 100% Organic Cotton Mulmul Maroon Dress - Stole set,"₹5,500",https://upcycleluxe.com/products/maroon-mul-dress-stole-set,ac-by-aratrika-chauhan
34,Neora by Nehal Chopra Orange-Yellow Color-Block Hoodie,"₹5,490",https://upcycleluxe.com/products/orange-yellow-color-block-hoodie-m-sh042407,neora-by-nehal-chopra
35,Upcycled Red-Pink Half & Half Dress,"₹6,490",https://upcycleluxe.com/products/upcycled-red-pink-half-half-dress,neora-by-nehal-chopra
36,Neora by Nehal Chopra Purple-Green Braid Men's Kurta,"₹5,990",https://upcycleluxe.com/products/purple-green-braid-kurta-m-sh042409,neora-by-nehal-chopra
37,Neora by Nehal Chopra Green Men's Shirt with Purple Pipin,"₹4,990",https://upcycleluxe.com/products/green-shirt-with-purple-pipin-m-sh042408,neora-by-nehal-chopra
38,Neora by Nehal Chopra Green-Yellow Color-Blocked Men's Shirt,"₹5,490",https://upcycleluxe.com/products/green-yellow-color-blocked-shirt-m-sh042405,neora-by-nehal-chopra
39,Neora by Nehal Chopra Pink-Yellow Color-Blocked Men's Shirt,"₹5,490",https://upcycleluxe.com/products/pink-yellow-color-blocked-shirt-m-sh042404,neora-by-nehal-chopra
40,Neora by Nehal Chopra Purple-Green Braid Men's Shirt,"₹5,490",https://upcycleluxe.com/products/purple-green-braid-shirt-m-sh042403,neora-by-nehal-chopra
41,Neora by Nehal Chopra Yellow-Green Braid Men's Shirt,"₹5,990",https://upcycleluxe.com/products/yellow-green-braid-shirt-m-sh042402,neora-by-nehal-chopra
42,Neora by Nehal Chopra Pink Men's Shirt-Orange Pippin,"₹4,990",https://upcycleluxe.com/products/pink-shirt-orange-pippin-m-sh042401,neora-by-nehal-chopra
43,Neora by Nehal Chopra Pink Skirt,"₹9,490",https://upcycleluxe.com/products/pink-skirt-sk042401,neora-by-nehal-chopra
44,Neora by Nehal Chopra Purple full sleeved top,"₹5,490",https://upcycleluxe.com/products/purple-full-sleeved-top-bl042403,neora-by-nehal-chopra
45,Neora by Nehal Chopra Orange Sleeveless Waistcoat Top,"₹4,990",https://upcycleluxe.com/products/orange-sleeveless-waistcoat-top-bl042402,neora-by-nehal-chopra
46,Neora by Nehal Chopra Pink-Orange Color-Blocked Crop top,"₹5,990",https://upcycleluxe.com/products/pink-orange-color-blocked-crop-top-bl042401,neora-by-nehal-chopra
47,Neora by Nehal Chopra Pink-Yellow Color-Blocked Jumpsuit,"₹9,990",https://upcycleluxe.com/products/pink-yellow-color-blocked-jumpsuit-js042401,neora-by-nehal-chopra
48,Neora by Nehal Chopra Green-Yellow Short Co-ord Set,"₹8,990",https://upcycleluxe.com/products/green-yellow-short-co-ord-set-cs042404-2,neora-by-nehal-chopra
49,Neora by Nehal Chopra Pink-Yellow Short Co-ord Set,"₹8,990",https://upcycleluxe.com/products/pink-yellow-short-co-ord-set-cs042404-1,neora-by-nehal-chopra
50,Neora by Nehal Chopra Orange Sleeveless Waistcoat Co-ord Set,"₹8,990",https://upcycleluxe.com/products/orange-sleeveless-waistcoat-co-ord-set-cs042403,neora-by-nehal-chopra
51,Neora by Nehal Chopra Purple Co-ord Set,"₹9,990",https://upcycleluxe.com/products/purple-co-ord-set-cs042402,neora-by-nehal-chopra
52,Neora by Nehal Chopra Purple-Green Braided Kaftan Co-ord Set,"₹9,990",https://upcycleluxe.com/products/purple-green-braided-kaftan-co-ord-set-cs042401-2,neora-by-nehal-chopra
53,Neora by Nehal Chopra Green-Purple Braided Kaftan Co-ord Set,"₹9,990",https://upcycleluxe.com/products/green-purple-braided-kaftan-co-rd-set-cs042401-1,neora-by-nehal-chopra
54,Neora by Nehal Chopra Orange-Pink Braided Long Kaftan,"₹7,990",https://upcycleluxe.com/products/orange-pink-braided-long-kaftan-kf042401-2,neora-by-nehal-chopra
55,Neora by Nehal Chopra Pink-Green Braided Long Kaftan,"₹7,990",https://upcycleluxe.com/products/pink-green-braided-long-kaftan-kf042401-1,neora-by-nehal-chopra
56,Neora by Nehal Chopra Yellow-Green Braided Gather Long Cape,"₹6,490",https://upcycleluxe.com/products/yellow-green-braided-gather-long-cape-ca042402-2,neora-by-nehal-chopra
57,Neora by Nehal Chopra Green-Orange Braided Gather Long Cape,"₹6,490",https://upcycleluxe.com/products/green-orange-braided-gather-long-cape-ca042402-1,neora-by-nehal-chopra
58,Neora by Nehal Chopra Green Braided Short Cape,"₹7,290",https://upcycleluxe.com/products/green-braided-short-cape-ca042401-2,neora-by-nehal-chopra
59,Neora by Nehal Chopra Pink Braided Short Cape,"₹7,290",https://upcycleluxe.com/products/pink-braided-short-cape-ca042401-1,neora-by-nehal-chopra
60,Neora by Nehal Chopra Orange Skirt Set with Color-Blocked Braids,"₹14,990",https://upcycleluxe.com/products/orange-skirt-set-with-color-blocked-braids-ss042402,neora-by-nehal-chopra
61,Neora by Nehal Chopra Pink-Orange Color-Blocked Maxi Skirt Set,"₹14,490",https://upcycleluxe.com/products/pink-orange-color-blocked-maxi-skirt-set-ss042401,neora-by-nehal-chopra
62,Neora by Nehal Chopra Green-Yellow Braided Cocktail Gown,"₹11,990",https://upcycleluxe.com/products/green-yellow-braided-cocktail-gown-gw042403,neora-by-nehal-chopra
63,Neora by Nehal Chopra Purple-Green Braided Halter Neck Gather Gown,"₹12,490",https://upcycleluxe.com/products/purple-green-braided-halter-neck-gather-gown-gw042402-2,neora-by-nehal-chopra
64,Neora by Nehal Chopra Orange-Pink Braided Halter Neck Gather Gown,"₹12,490",https://upcycleluxe.com/products/orange-pink-braided-halter-neck-gather-gown-gw042402-1,neora-by-nehal-chopra
65,Neora by Nehal Chopra Pink-Yellow Braided Bustier Gather Gown,"₹19,990",https://upcycleluxe.com/products/pink-yellow-braided-bustier-gather-gown-gw042401,neora-by-nehal-chopra
66,Neora by Nehal Chopra Purple-Yellow Color-Blocked Dress,"₹9,490",https://upcycleluxe.com/products/purple-yellow-color-blocked-dress-dr042408,neora-by-nehal-chopra
67,Neora by Nehal Chopra Color-Blocked Braided Sleeveless Purple Maxi Dress,"₹8,490",https://upcycleluxe.com/products/color-blocked-braided-sleeveless-purple-maxi-dress-dr042407,neora-by-nehal-chopra
68,Neora by Nehal Chopra Orange-Pink Color-Block Short Dress,"₹5,990",https://upcycleluxe.com/products/orange-pink-color-block-short-dress-dr042406,neora-by-nehal-chopra
69,Neora by Nehal Chopra Purple- Green Short Kaftan Dress,"₹5,990",https://upcycleluxe.com/products/purple-green-short-kaftan-dress-dr042405-2,neora-by-nehal-chopra
70,anushé pirani Recycled Cotton Men Tangerine Shirt,"₹6,200",https://upcycleluxe.com/products/anushe-pirani-recycled-cotton-men-tangerine-shirt-mo-25m-06,anushe-pirani%20
71,anushé pirani Recycled Cotton Men Tropical Teal Shirt,"₹6,900",https://upcycleluxe.com/products/anushe-pirani-recycled-cotton-men-tropical-green-shirt-mo-25m-05,anushe-pirani%20
72,anushé pirani Recycled Cotton Men Tropical Teal Shirt,"₹6,400",https://upcycleluxe.com/products/anushe-pirani-recycled-cotton-men-tropical-green-shirt-mo-25m-04,anushe-pirani%20
73,anushé pirani Recycled Cotton Men Fuschia Shirt,"₹6,200",https://upcycleluxe.com/products/anushe-pirani-recycled-cotton-men-fuschia-shirt-mo-25m-03,anushe-pirani%20
74,anushé pirani Recycled Cotton Men Tangerine/Tropical Teal Shirt,"₹6,500",https://upcycleluxe.com/products/anushe-pirani-recycled-cotton-men-tangerine-tropical-green-shirt-mo-25m-02,anushe-pirani%20
75,anushé pirani Recycled Cotton Women Fuchsia Dress,"₹12,000",https://upcycleluxe.com/products/anushe-pirani-recycled-cotton-men-fuchsia-dress-mo-25w-12,anushe-pirani%20
76,anushé pirani Recycled Cotton Women Tropical Teal Dress,"₹9,000",https://upcycleluxe.com/products/anushe-pirani-recycled-cotton-men-tropical-green-dress-mo-25w-11,anushe-pirani%20
77,anushé pirani Recycled Cotton Women Tangerine Dress,"₹7,800",https://upcycleluxe.com/products/anushe-pirani-recycled-cotton-women-tangerine-dress-mo-25w-08,anushe-pirani%20
78,anushé pirani Recycled Cotton Women Fuchsia Playsuit,"₹8,200",https://upcycleluxe.com/products/anushe-pirani-recycled-cotton-women-fuchsia-playsuit-mo-25w-06,anushe-pirani%20
79,anushé pirani Recycled Cotton Women Tangerine Shirt,"₹7,400",https://upcycleluxe.com/products/anushe-pirani-recycled-cotton-women-tangerine-shirt-mo-25w-05,anushe-pirani%20
80,anushé pirani Recycled Cotton Women Tangerine/Fuchsia Shirt,"₹5,400",https://upcycleluxe.com/products/anushe-pirani-recycled-cotton-women-tangerine-fuchsia-shirt-mo-25w-04,anushe-pirani%20
81,anushé pirani Recycled Cotton Women Tropical Teal Shirt,"₹6,200",https://upcycleluxe.com/products/anushe-pirani-recycled-cotton-women-tropical-green-shirt-mo-25w-03,anushe-pirani%20
82,anushé pirani Recycled Cotton Women Fuchsia Top,"₹5,200",https://upcycleluxe.com/products/anushe-pirani-recycled-cotton-women-fuchsia-top-mo-25w-02,anushe-pirani%20
83,Anushé Pirani Handwoven Cotton Ikat Men's Pink Pants,"₹6,900",https://upcycleluxe.com/products/anushe-pirani-handwoven-cotton-ikat-mens-pink-pants-fi-24m-12b,anushe-pirani%20
84,Anushé Pirani Handwoven Cotton Ikat Men's Grey Pants,"₹6,900",https://upcycleluxe.com/products/anushe-pirani-handwoven-cotton-ikat-mens-grey-pants-fi-24m-12a,anushe-pirani%20
85,Anushé Pirani Handwoven Cotton Ikat Men's White/Blue/Yellow Pants,"₹7,500",https://upcycleluxe.com/products/anushe-pirani-handwoven-cotton-ikat-mens-white-blue-yellow-pants-fi-24m-11b,anushe-pirani%20
86,Anushé Pirani Handwoven Cotton Ikat Men's Turquoise Pants,"₹7,500",https://upcycleluxe.com/products/anushe-pirani-handwoven-cotton-ikat-mens-turquoise-pants-fi-24m-11a,anushe-pirani%20
87,Anushé Pirani Handwoven Cotton Ikat Men's White/Blue/Pink Shorts,"₹5,500",https://upcycleluxe.com/products/anushe-pirani-handwoven-cotton-ikat-mens-white-blue-pink-shorts-fi-24m-10b,anushe-pirani%20
88,Anushé Pirani Handwoven Cotton Ikat Men's Royal Blue Shorts,"₹5,500",https://upcycleluxe.com/products/anushe-pirani-handwoven-cotton-ikat-mens-royal-blue-shorts-fi-24m-10a,anushe-pirani%20
89,Anushé Pirani Handwoven Cotton Ikat Men's Grey Blazer,"₹11,000",https://upcycleluxe.com/products/anushe-pirani-handwoven-cotton-ikat-mens-grey-blazer-fi-24m-09,anushe-pirani%20
90,Anushé Pirani Handwoven Cotton Ikat Men's Turquoise Jacket,"₹8,600",https://upcycleluxe.com/products/anushe-pirani-handwoven-cotton-ikat-mens-turquoise-jacket-fi-24m-08,anushe-pirani%20
91,Anushé Pirani Handwoven Cotton Ikat Men's Grey Shirt,"₹6,600",https://upcycleluxe.com/products/anushe-pirani-handwoven-cotton-ikat-mens-grey-shirt-fi-24m-07,anushe-pirani%20
92,Anushé Pirani Handwoven Cotton Ikat Men's Pink Shirt,"₹7,000",https://upcycleluxe.com/products/anushe-pirani-handwoven-cotton-ikat-mens-pink-shirt-fi-24m-06,anushe-pirani%20
93,Anushé Pirani Handwoven Cotton Ikat Men's Royal Blue Shirt,"₹6,000",https://upcycleluxe.com/products/anushe-pirani-handwoven-cotton-ikat-mens-royal-blue-shirt-fi-24m-05,anushe-pirani%20
94,Anushé Pirani Handwoven Cotton Ikat Men's White/Blue/Pink Shirt,"₹7,000",https://upcycleluxe.com/products/anushe-pirani-handwoven-cotton-ikat-mens-white-blue-pink-shirt-fi-24m-04,anushe-pirani%20
95,Anushé Pirani Handwoven Cotton Ikat Men's Royal Blue Shirt,"₹5,800",https://upcycleluxe.com/products/anushe-pirani-handwoven-cotton-ikat-mens-royal-blue-shirt-fi-24m-03,anushe-pirani%20
96,Anushé Pirani Handwoven Cotton Ikat Men's White/Blue/Yellow Shirt,"₹6,500",https://upcycleluxe.com/products/anushe-pirani-handwoven-cotton-ikat-mens-white-blue-yellow-shirt-fi-24m-02,anushe-pirani%20
97,Anushé Pirani Handwoven Cotton Ikat Men's Turquoise Shirt,"₹7,000",https://upcycleluxe.com/products/anushe-pirani-handwoven-cotton-ikat-mens-turquoise-shirt-fi-24m-01,anushe-pirani%20
98,Anushé Pirani Handwoven Cotton Ikat Women's White/Blue/Yellow Pants,"₹7,500",https://upcycleluxe.com/products/anushe-pirani-handwoven-cotton-ikat-womens-white-blue-yellow-pants-fi-24w-20,anushe-pirani%20
99,Earthy Route Lyocell Linen Half Shirt in Mint Green,"₹1,701",https://upcycleluxe.com/products/sustainable-cotton-mens-shirt,earthy-route
100,Earthy Route Lyocell Linen Full Sleeve Shirt in Fresh Green,"₹2,061",https://upcycleluxe.com/products/eco-friendly-cotton-shirts-for-men-online,earthy-route
101,Earthy Route Tencel™ Lyocell Linen Half Sleeve Shirt with Red Lakeer,"₹1,701",https://upcycleluxe.com/products/earth-route-sustainable-shirt-for-men,earthy-route
102,Earthy Route Lyocell Linen Mandarin Shirt in Snow White,"₹1,971",https://upcycleluxe.com/products/earthy-route-mens-shirt-online-india,earthy-route
103,Earthy Route Lyocell Linen Half Shirt in Snow White,"₹1,701",https://upcycleluxe.com/products/earth-route-organic-cotton-mens-shirt,earthy-route
104,Earthy Route Linen Lyocell Sleeveless Top in Forest Green,"₹1,260",https://upcycleluxe.com/products/sleeveless-womens-top-online,earthy-route
105,Earthy Route Lyocell Linen Mandarin Shirt in Ice Blue,"₹1,971",https://upcycleluxe.com/products/lyocell-tencel-fabric-men-shirt-online,earthy-route
106,Earthy Route Lyocell Linen Mandarin Shirt in Charm Pink,"₹1,971",https://upcycleluxe.com/products/organic-cotton-shirt-by-earthy-route-for-men,earthy-route
107,Earthy Route Lyocell Linen Mandarin Shirt in Military Green,"₹1,971",https://upcycleluxe.com/products/eco-conscious-men-shirt,earthy-route
108,Earthy Route Lyocell Linen Floral Sleeveless Dress in Yellow Marigold,"₹2,430",https://upcycleluxe.com/products/yellow-marigold-floral-sleeveless-dress-in-lyocell-linen,earthy-route
109,Earthy Route Tencel™ Lyocell Linen Half Sleeve Shirt with Green Lakeer,"₹1,701",https://upcycleluxe.com/products/earthy-route-organic-cotton-men-shirt,earthy-route
110,Earthy Route Snow White · Full Sleeve Shirt,"₹2,061",https://upcycleluxe.com/products/earthy-route-eco-fabric-shirt-for-men-online,earthy-route
111,Earthy Route Rust Orange · Mandarin Collar Shirt,"₹1,971",https://upcycleluxe.com/products/sustainable-fashionable-men-shirt-online,earthy-route
112,Earthy Route Half Sleeve Shirt in TENCEL™ Lyocell Linen | Peppercorn Brown,"₹1,701",https://upcycleluxe.com/products/cotton-men-shirt-by-earthy-route,earthy-route
113,Earthy Route Half Sleeve Mandarin Collar Shirt in TENCEL™ Lyocell Linen | Charm Pink,"₹1,701",https://upcycleluxe.com/products/natural-cotton-half-sleeve-men-shirt-by-earthy-route,earthy-route
114,Earthy Route Half Sleeve Mandarin Collar Shirt in TENCEL™ Lyocell Linen | Slate Grey,"₹1,701",https://upcycleluxe.com/products/tencel-fabric-men-shirt-online-india,earthy-route
115,Earthy Route Half Sleeve Mandarin Collar Shirt in TENCEL™ Lyocell Linen | Snow White,"₹1,701",https://upcycleluxe.com/products/buy-organic-cotton-men-shirt-online,earthy-route
116,Earth Republic 100% Cotton Ikat Sable Handloom Shirt,"₹3,135",https://upcycleluxe.com/products/earth-republic-100-cotton-ikat-sable-handloom-shirt,earth-republic
117,Earth Republic 100% Oganic Merlot Sugarcane Top,"₹4,500",https://upcycleluxe.com/products/earth-republic-100-oganic-merlot-sugarcane-top,earth-republic
118,Earth Republic 100% Certified Sugarcane Kathryn Handcrafted Dress,"₹5,500",https://upcycleluxe.com/products/earth-republic-100-certified-sugarcane-kathryn-handcrafted-dress,earth-republic
119,Earth Republic 100% FSC Cerified Moss Sophia Handcrafted Top,"₹3,645",https://upcycleluxe.com/products/earth-republic-100-fsc-cerified-moss-sophia-handcrafted-top,earth-republic
120,Earth Republic 100% Cotton Ikat Cobalt Handloom Shirt,"₹3,135",https://upcycleluxe.com/products/earth-republic-100-cotton-ikat-cobalt-handloom-shirt,earth-republic
121,Earth Republic 100% Cotton Ikat Alice Handloom Dress,"₹6,200",https://upcycleluxe.com/products/earth-republic-100-cotton-ikat-alice-handloom-dress,earth-republic
122,Earth Republic 100% Cotton Ikat Amberella Handloom Dress,"₹5,700",https://upcycleluxe.com/products/earth-republic-100-cotton-ikat-amberella-handloom-dress,earth-republic
123,Earth Republic 100% Cotton Ikat Amber Handloom Shirt,"₹3,135",https://upcycleluxe.com/products/earth-republic-100-cotton-ikat-amber-handloom-shirt,earth-republic
124,Earth Republic 100% Cotton Ikat Ebony Handloom Co-Ord Set,"₹6,030",https://upcycleluxe.com/products/earth-republic-100-cotton-ikat-ebony-handloom-co-ord-set,earth-republic
125,Earth Republic 100% Cotton Ikat Ambereez Handloom Co-Ord Set,"₹6,030",https://upcycleluxe.com/products/earth-republic-100-cotton-ikat-ambereez-handloom-co-ord-set,earth-republic
126,Earth Republic 100% Recycled Satin Eliza Handcrafted Top,"₹3,600",https://upcycleluxe.com/products/earth-republic-100-recycled-satin-eliza-handcrafted-top,earth-republic
127,Earth Republic 100% Recycled Satin Fairy Dust Handcrafted Top,"₹3,990",https://upcycleluxe.com/products/earth-republic-100-recycled-satin-fairy-dust-handcrafted-top,earth-republic
128,Earth Republic 100% Sustainable Sugarcane Fabric White Cellar Handcrafted Shirt,"₹3,540",https://upcycleluxe.com/products/earth-republic-handcrafted-organic-cotton-men-shirt-online,earth-republic
129,Earth Republic 100% Sustainable Handcrafted Men's Shirt,"₹3,270",https://upcycleluxe.com/products/earth-republic-handcrafted-men-shirt-online,earth-republic
130,Earth Republic 100% Sustainable Moss Robert Handcrafted Shirt,"₹3,495",https://upcycleluxe.com/products/handcrafted-men-shirt-online,earth-republic
131,Earth Republic 100% Cotton Ikat Shvet Handloom Dress,"₹3,630",https://upcycleluxe.com/products/earth-republic-100-sustainable-moss-shvet-handcrafted-dress,earth-republic
132,Earth Republic 100% Cotton Ikat Kasha Handloom Shirt,"₹3,135",https://upcycleluxe.com/products/earth-republic-100-sustainable-moss-kasha-handcrafted-shirt,earth-republic
133,Earth Republic 100% Sustainable Moss Lilly Handcrafted Top,"₹2,910",https://upcycleluxe.com/products/earth-republic-100-sustainable-moss-lilly-handcrafted-top,earth-republic
134,Earth Republic 100% Sustainable Sugarcane Fabric Cellar Handcrafted Shirt,"₹4,500",https://upcycleluxe.com/products/handcrafted-shirt-for-men-by-earth-republic,earth-republic
135,Earth Republic 100% Sustainable Moss Ophelia Handcrafted Dress,"₹7,500",https://upcycleluxe.com/products/earth-republic-100-sustainable-moss-ophelia-handcrafted-dress,earth-republic
136,Earth Republic 100% Sustainable Moss Yang Handcrafted Shirt,"₹3,500",https://upcycleluxe.com/products/earth-republic-100-sustainable-moss-yang-handcrafted-shirt,earth-republic
137,Earth Republic 100% Sustainable Moss Estee Handcrafted Dress,"₹3,698",https://upcycleluxe.com/products/estee-dress,earth-republic
138,East 14  Cupro Linen Satin Women Overlap Serafea Top,"₹11,500",https://upcycleluxe.com/products/east-14-cupro-linen-satin-women-overlap-serafea-top-ef-178-sh,east-14
139,East 14  Cupro Linen Satin Women Gold Pleated Pants,"₹15,200",https://upcycleluxe.com/products/east-14-cupro-linen-satin-women-gold-pleated-pants-ef-88-tr,east-14
140,East 14  Cupro Linen Satin Women Black Frida Bustier,"₹6,500",https://upcycleluxe.com/products/east-14-cupro-linen-satin-women-black-frida-bustier-ef-87-bu,east-14
141,East 14  Cupro Crepe Women Red Val Dress,"₹22,500",https://upcycleluxe.com/products/east-14-cupro-crepe-women-red-val-dress-ef-122-dr,east-14
142,East 14  Metallic Organza Women Moxy Peplum Suit,"₹15,500",https://upcycleluxe.com/products/east-14-metallic-organza-women-moxy-peplum-suit-ef-182-jk,east-14
143,East 14  Liwuid Organza Women Cape Top,"₹11,500",https://upcycleluxe.com/products/east-14-liwuid-organza-women-cape-top-ef-181-tp,east-14
144,"East 14  Cupro Crepe, Orgaznza Women Magnolia Jacket","₹29,900",https://upcycleluxe.com/products/east-14-cupro-crepe-orgaznza-women-magnolia-jacket-ef-175-jk,east-14
145,East 14  Cupro Crepe Women Mitchel Top,"₹5,999",https://upcycleluxe.com/products/east-14-cupro-crepe-women-mitchel-top-ef-174-tp,east-14
146,East 14  Cupro Crepe Women Savona Fringe Dress,"₹37,500",https://upcycleluxe.com/products/east-14-cupro-crepe-women-savona-fringe-dress-ef-173-dr,east-14
147,East 14  Cupro Crepe Women Shirley,"₹6,500",https://upcycleluxe.com/products/east-14-cupro-crepe-women-shirley-ef-167-tp,east-14
148,"East 14  Cupro Crepe, Mesh Women Joan Top","₹4,999",https://upcycleluxe.com/products/east-14-cupro-crepe-mesh-women-joan-top-ef-166-tp,east-14
149,East 14  Cupro Crepe Women Copper Cigarette Pants,"₹7,999",https://upcycleluxe.com/products/east-14-cupro-crepe-women-copper-cigarette-pants-ef-163-tr,east-14
150,East 14  Cupro Crepe Women Copper Peplum Bustier,"₹15,999",https://upcycleluxe.com/products/east-14-cupro-crepe-women-copper-peplum-bustier-ef-162-cr,east-14
151,East 14  Cupro Crepe Women Baisley Dress,"₹9,999",https://upcycleluxe.com/products/east-14-cupro-crepe-women-baisley-dress-ef-160-dr,east-14
152,East 14  Cupro Crepe Women Bryant Flap Pants,"₹8,999",https://upcycleluxe.com/products/east-14-cupro-crepe-women-bryant-flap-pants-ef-172-tr,east-14
153,East 14  Cupro Crepe Women Alley Shorts,"₹7,500",https://upcycleluxe.com/products/east-14-cupro-crepe-women-alley-shorts-ef-171-tr,east-14
154,East 14  Cupro Crepe Women Alley Shirt,"₹6,500",https://upcycleluxe.com/products/east-14-cupro-crepe-women-alley-shirt-ef-170-tp,east-14
155,East 14  Cupro Crepe Women Sara Dress,"₹18,999",https://upcycleluxe.com/products/east-14-cupro-crepe-women-sara-dress-ef-159-dr,east-14
156,East 14  Cupro Crepe Women Greenley Trousers,"₹8,999",https://upcycleluxe.com/products/east-14-cupro-crepe-women-greenley-trousers-ef-158-tr,east-14
157,East 14  Cupro Crepe Women Black Greenley Bustier,"₹6,000",https://upcycleluxe.com/products/east-14-cupro-crepe-women-black-greenley-bustier-ef-157-cr,east-14
158,East 14  Cupro Linen Satin Women Leyenda Dress,"₹8,999",https://upcycleluxe.com/products/east-14-cupro-linen-satin-women-leyenda-dress-ef-156-dr,east-14
159,East 14  Cupro Linen Satin Women Statten Shorts,"₹5,999",https://upcycleluxe.com/products/east-14-cupro-linen-satin-women-statten-shorts-ef-153-tr,east-14
160,East 14  Cupro Linen Satin Women Statten Vest,"₹6,999",https://upcycleluxe.com/products/east-14-cupro-linen-satin-women-statten-vest-ef-152-vst,east-14
161,East 14  Cupro Linen Satin Women Bethesda Kurta Tunic,"₹9,500",https://upcycleluxe.com/products/east-14-cupro-linen-satin-women-bethesda-kurta-tunic-ef-151-kr,east-14
162,East 14  Cupro Linen Satin Women Angie Pant,"₹12,999",https://upcycleluxe.com/products/east-14-cupro-linen-satin-women-angie-pant-ef-150-tr,east-14
163,East 14  Cupro Linen Satin Women Angie Shirt,"₹9,999",https://upcycleluxe.com/products/east-14-cupro-linen-satin-women-angie-shirt-ef-149-sh,east-14
164,East 14  Cupro Crepe Women Brera Dress,"₹9,999",https://upcycleluxe.com/products/east-14-cupro-crepe-women-brera-dress-ef-148-dr,east-14
165,"East 14  Cupro Crepe, Silk Organza Women Cornelia Kurta","₹9,999",https://upcycleluxe.com/products/east-14-cupro-crepe-silk-organza-women-cornelia-kurta-fe-147-kr,east-14
166,East 14  Cupro Crepe Women Groove Dress,"₹15,999",https://upcycleluxe.com/products/east-14-cupro-crepe-women-groove-dress-ef-146-dr,east-14
167,East 14  Cupro Linen Satin Women Magnolia Jacket Dress,"₹22,999",https://upcycleluxe.com/products/east-14-cupro-linen-satin-women-magnolia-jacket-dress-ef-145-jk,east-14
168,East 14  Cupro Crepe Women Via Pants,"₹7,801",https://upcycleluxe.com/products/east-14-cupro-crepe-women-via-pants-ef-144-tr,east-14
169,East 14  Cupro Crepe Women Via Jacket,"₹7,800",https://upcycleluxe.com/products/east-14-cupro-crepe-women-via-jacket-ef-143-jk,east-14
170,East 14  Cupro Crepe Women Emilia Jumpsuit,"₹19,500",https://upcycleluxe.com/products/east-14-cupro-crepe-women-emilia-jumpsuit-ef-139-js,east-14
171,East 14  Cupro Crepe Women Serabeth Skirt,"₹10,999",https://upcycleluxe.com/products/east-14-cupro-crepe-women-serabeth-skirt-ef-142-sk,east-14
172,East 14  Cupro Crepe Women Serabeth Top,"₹8,999",https://upcycleluxe.com/products/east-14-cupro-crepe-women-serabeth-top-ef-141-tp,east-14
173,East 14  Cupro Crepe Women Vezzo Jacket Dress,"₹1,650",https://upcycleluxe.com/products/east-14-cupro-crepe-women-vezzo-jacket-dress-ef-135-jkv,east-14
174,Lafaani Phosphene Pintuck Blouse & Kora Side Slit Pants Set,"₹15,998",https://upcycleluxe.com/products/lafaani-phosphene-pintuck-blouse-kora-side-slit-pants-set-l-wc-c52,lafaani
175,Lafaani Phosphene Ruched Blouse & Grey Pants Set,"₹14,998",https://upcycleluxe.com/products/lafaani-phosphene-ruched-blouse-grey-pants-set-l-wc-c51,lafaani
176,Lafaani Phosphene Tie-Up Overlay & Kora Side Slit Pants Set,"₹16,498",https://upcycleluxe.com/products/lafaani-phosphene-tie-up-overlay-kora-side-slit-pants-set-l-wc-c50,lafaani
177,Lafaani Phosphene Gathered Blouse & Side Slit Pants - Kora,"₹14,498",https://upcycleluxe.com/products/lafaani-phosphene-gathered-blouse-side-slit-pants-kora-l-wc-c49,lafaani
178,Lafaani Phosphene Unisex Cropped Vest & Side Slit Pants - Kora,"₹17,798",https://upcycleluxe.com/products/lafaani-phosphene-unisex-cropped-vest-side-slit-pants-kora-l-wc-c48,lafaani
179,Lafaani Phosphene Asymmetric Blouse & Kora Side Slit Pants Set,"₹14,998",https://upcycleluxe.com/products/lafaani-phosphene-asymmetric-blouse-kora-side-slit-pants-set-l-wc-c47,lafaani
180,Lafaani Phosphene Kaftan Blouse & Kora Side Slit Pants Set,"₹15,498",https://upcycleluxe.com/products/lafaani-phosphene-kaftan-blouse-kora-side-slit-pants-set-l-wc-c46,lafaani
181,Lafaani Phosphene Layered Dress & Pants Set - Grey,"₹24,498",https://upcycleluxe.com/products/lafaani-phosphene-layered-dress-pants-set-grey-l-wc-c45,lafaani
182,Lafaani Phosphene Ruched Dress & Kora Pants Set,"₹19,498",https://upcycleluxe.com/products/lafaani-phosphene-ruched-dress-kora-pants-set-l-wc-c44,lafaani
183,Lafaani Phosphene Flared Dress & Unisex Cropped Jacket Set,"₹18,498",https://upcycleluxe.com/products/lafaani-phosphene-flared-dress-unisex-cropped-jacket-set-l-wc-c42,lafaani
184,Lafaani Phosphene Flared Dress & Grey Pants Set,"₹17,498",https://upcycleluxe.com/products/lafaani-phosphene-flared-dress-grey-pants-set-l-wc-c41,lafaani
185,Lafaani Phosphene Unisex Pants - Grey,"₹8,499",https://upcycleluxe.com/products/lafaani-phosphene-unisex-pants-grey-l-up-p01,lafaani
186,Lafaani Phosphene Unisex Reversible Jacket,"₹12,999",https://upcycleluxe.com/products/lafaani-phosphene-unisex-reversible-jacket-l-uj-j28,lafaani
187,Lafaani Phosphene Unisex Double Breasted Jacket,"₹13,499",https://upcycleluxe.com/products/lafaani-phosphene-unisex-double-breasted-jacket-l-uj-j27,lafaani
188,Lafaani Phosphene Unisex Bomber - Grey,"₹11,799",https://upcycleluxe.com/products/lafaani-phosphene-unisex-bomber-grey-l-uj-j26,lafaani
189,Lafaani Phosphene Unisex Bomber- Kora,"₹12,499",https://upcycleluxe.com/products/lafaani-phosphene-unisex-bomber-kora-l-uj-j25,lafaani
190,Lafaani Phosphene Unisex Haori,"₹10,499",https://upcycleluxe.com/products/lafaani-phosphene-unisex-haori-l-uj-j24,lafaani
191,Lafaani Phosphene Unisex Vest,"₹8,499",https://upcycleluxe.com/products/lafaani-phosphene-unisex-vest-l-uj-j23,lafaani
192,Lafaani Phosphene Unisex Cropped Vest,"₹8,799",https://upcycleluxe.com/products/lafaani-phosphene-unisex-cropped-vest-l-uj-j22,lafaani
193,Lafaani Phosphene Unisex Asymmetrical Jacket,"₹8,499",https://upcycleluxe.com/products/lafaani-phosphene-unisex-asymmetrical-jacket-l-uj-j21,lafaani
194,Lafaani Phosphene Unisex Cropped Jacket,"₹9,499",https://upcycleluxe.com/products/lafaani-phosphene-unisex-cropped-jacket-l-uj-j20,lafaani
195,Lafaani Phosphene Kimono Shirt,"₹9,499",https://upcycleluxe.com/products/lafaani-phosphene-kimono-shirt-l-ms-s31,lafaani
196,Lafaani Phosphene Unisex Sheer Shirt,"₹9,499",https://upcycleluxe.com/products/lafaani-phosphene-unisex-sheer-shirt-l-us-s01,lafaani
197,Lafaani Phosphene Panelled Shirt,"₹8,499",https://upcycleluxe.com/products/lafaani-phosphene-panelled-shirt-l-ms-s30,lafaani
198,Lafaani Phosphene Stitch Lines Shirt,"₹7,999",https://upcycleluxe.com/products/lafaani-phosphene-stitch-lines-shirt-l-ms-s29,lafaani
199,Lafaani Phosphene Faux Flap Shirt,"₹9,499",https://upcycleluxe.com/products/lafaani-phosphene-faux-flap-shirt-l-ms-s28,lafaani
200,Lafaani Phosphene Pintucks Shirt,"₹7,999",https://upcycleluxe.com/products/lafaani-phosphene-pintucks-shirt-l-ms-s27,lafaani
201,Lafaani Phosphene Extra Flap Shirt,"₹9,799",https://upcycleluxe.com/products/lafaani-phosphene-extra-flap-shirt-l-ms-s26,lafaani
202,Lafaani Phosphene Double Pocket Shirt,"₹9,799",https://upcycleluxe.com/products/lafaani-phosphene-double-pocket-shirt-l-ms-s25,lafaani
203,Lafaani Phosphene Layered Dress,"₹15,999",https://upcycleluxe.com/products/lafaani-phosphene-layered-dress-l-wd-d17,lafaani
204,Lafaani Phosphene Button-Down Dress,"₹12,499",https://upcycleluxe.com/products/lafaani-phosphene-button-down-dress-l-wd-d16,lafaani
205,Lafaani Phosphene Flared Dress,"₹8,999",https://upcycleluxe.com/products/lafaani-phosphene-flared-dress-l-wd-d15,lafaani
206,Lafaani Phosphene Asymmetrical Dress,"₹9,799",https://upcycleluxe.com/products/lafaani-phosphene-asymmetrical-dress-l-wd-d14,lafaani
207,Lafaani Phosphene Ruched Dress,"₹10,499",https://upcycleluxe.com/products/lafaani-phosphene-ruched-dress-l-wd-d13,lafaani
208,Lafaani Phosphene Cinched Dress,"₹7,999",https://upcycleluxe.com/products/lafaani-phosphene-cinched-dress-l-wd-d12,lafaani
209,Lafaani Phosphene Tie Up Overlay,"₹7,499",https://upcycleluxe.com/products/lafaani-phosphene-tie-up-overlay-l-wt-t23,lafaani
210,Rias Jaipur Escher Co-ord Shirt With Skirt,"₹14,700",https://upcycleluxe.com/products/rias-jaipur-escher-co-ord-shirt-with-skirt-riasbh23,rias-jaipur
211,Rias Jaipur Escher Side Cut Dress,"₹9,200",https://upcycleluxe.com/products/rias-jaipur-escher-side-cut-dress-riasbh22,rias-jaipur
212,Rias Jaipur Escher Skirt,"₹8,900",https://upcycleluxe.com/products/rias-jaipur-escher-skirt-riasbh21,rias-jaipur
213,Rias Jaipur Escher Maxi,"₹9,500",https://upcycleluxe.com/products/rias-jaipur-escher-maxi-riasbh20,rias-jaipur
214,Rias Jaipur Escher Shirt,"₹7,500",https://upcycleluxe.com/products/rias-jaipur-escher-shirt-riasbh19,rias-jaipur
215,Rias Jaipur Escher Halter Heart Dress,"₹10,500",https://upcycleluxe.com/products/rias-jaipur-escher-halter-heart-dress-riasbh18,rias-jaipur
216,Rias Jaipur Ponzo Shirt With White Pants,"₹15,500",https://upcycleluxe.com/products/rias-jaipur-ponzo-shirt-with-white-pants-riasbh17,rias-jaipur
217,Rias Jaipur Ponzo Top With Skirt,"₹13,300",https://upcycleluxe.com/products/rias-jaipur-ponzo-top-with-skirt-riasbh16,rias-jaipur
218,Rias Jaipur Ponzo White Pant,"₹8,000",https://upcycleluxe.com/products/rias-jaipur-ponzo-white-pant-riasbh15,rias-jaipur
219,Rias Jaipur Ponzo Skirt,"₹8,900",https://upcycleluxe.com/products/rias-jaipur-ponzo-skirt-riasbh14,rias-jaipur
220,Rias Jaipur Ponzo Halter Neck Maxi,"₹12,000",https://upcycleluxe.com/products/rias-jaipur-ponzo-halter-neck-maxi-riasbh13,rias-jaipur
221,Rias Jaipur Ponzo Shirt,"₹7,500",https://upcycleluxe.com/products/rias-jaipur-ponzo-shirt-riasbh12,rias-jaipur
222,Rias Jaipur Ponzo One Shoulder Maxi,"₹8,900",https://upcycleluxe.com/products/rias-jaipur-ponzo-one-shoulder-maxi-riasbh11,rias-jaipur
223,Rias Jaipur Ponzo Puff Sleeve Dress,"₹10,600",https://upcycleluxe.com/products/rias-jaipur-ponzo-puff-sleeve-dress-riasbh10,rias-jaipur
224,Rias Jaipur Ponzo Top,"₹4,800",https://upcycleluxe.com/products/rias-jaipur-ponzo-top-riasbh09,rias-jaipur
225,Rias Jaipur Plosky Cloud Kurta With Wide Leg Pant,"₹15,500",https://upcycleluxe.com/products/rias-jaipur-plosky-cloud-kurta-with-wide-leg-pant-riasbh08,rias-jaipur
226,Rias Jaipur Plosky Cloud Shirt With Culottes,"₹14,300",https://upcycleluxe.com/products/rias-jaipur-plosky-cloud-shirt-with-culottes-riasbh07,rias-jaipur
227,Rias Jaipur Plosky Cloud High Slit Kurta,"₹9,500",https://upcycleluxe.com/products/rias-jaipur-plosky-cloud-high-slit-kurta-riasbh06,rias-jaipur
228,Rias Jaipur Plosky Cloud Long Shirt,"₹7,800",https://upcycleluxe.com/products/rias-jaipur-plosky-cloud-long-shirt-riasbh05,rias-jaipur
229,Rias Jaipur Plosky Cloud Shirt Dress,"₹9,500",https://upcycleluxe.com/products/rias-jaipur-plosky-cloud-shirt-dress-riasbh04,rias-jaipur
230,Rias Jaipur Plosky Cloud Culottes Pant,"₹6,500",https://upcycleluxe.com/products/rias-jaipur-plosky-cloud-culottes-pant-riasbh03,rias-jaipur
231,Rias Jaipur Plosky Cloud Wide Leg Pant,"₹7,500",https://upcycleluxe.com/products/rias-jaipur-plosky-cloud-wide-leg-pant-riasbh02,rias-jaipur
232,Rias Jaipur Plosky Cloud Side Cut Jumpsuit,"₹10,500",https://upcycleluxe.com/products/rias-jaipur-plosky-cloud-side-cut-jumpsuit-riasbh01,rias-jaipur
233,Rias Jaipur  Straight Sand Pant in Handloom Cotton and Bamboo Blend,"₹6,800",https://upcycleluxe.com/products/bamboo-cotton-pants-online,rias-jaipur
234,Rias Jaipur  Earth Crest Coord-Set in Handloom Cotton and Bamboo Blend,"₹13,000",https://upcycleluxe.com/products/sustainable-womens-dress-rias-jaipur,rias-jaipur
235,Rias Jaipur  Earth Crest Ankle Jumpsuit in Handloom Cotton and Bamboo Blend,"₹8,500",https://upcycleluxe.com/products/bamboo-cotton-jumpsuit,rias-jaipur
236,Rias Jaipur  Salmon Pleated Dress in Handloom Cotton and Bamboo Blend,"₹8,500",https://upcycleluxe.com/products/sustainable-women-dress-handcrafted,rias-jaipur
237,Rias Jaipur  Salmon Gather Mid Dress in Handloom Cotton and Bamboo Blend,"₹8,500",https://upcycleluxe.com/products/bamboo-blend-womens-dress,rias-jaipur
238,Rias Jaipur  Salmon Wave Short Dress in Handloom Cotton and Bamboo Blend,"₹7,600",https://upcycleluxe.com/products/eco-friendly-bamboo-blend-dress-for-women,rias-jaipur
239,Rias Jaipur  Oversized Sand Jacket in Handloom Cotton and Bamboo Blend,"₹9,900",https://upcycleluxe.com/products/sustainable-oversized-womens-jacket,rias-jaipur
240,Rias Jaipur  Earth Fossil side open Kurta in Handloom Cotton and Bamboo Blend,"₹8,500",https://upcycleluxe.com/products/eco-friendly-womens-kurta-online,rias-jaipur
241,Rias Jaipur  Crested Crop Top in Handloom Cotton and Bamboo Blend,"₹5,400",https://upcycleluxe.com/products/sustainable-womens-top,rias-jaipur
242,Slowthreads Kala Cotton Womens Black Wrap Dress,"₹5,500",https://upcycleluxe.com/products/slowthreads-kala-cotton-womens-black-wrap-dress-std27blkc-xs-s,slowthreads
243,Slowthreads Kala Cotton Womens Maroon Wrap Dress,"₹5,500",https://upcycleluxe.com/products/slowthreads-kala-cotton-womens-maroon-wrap-dress-std27mrkc-xs-s,slowthreads
244,Slowthreads Jamdani Womens Green Sleeveless Ruffle Dress,"₹5,390",https://upcycleluxe.com/products/slowthreads-jamdani-womens-green-sleeveless-ruffle-dress-std1ppgrj-xs-s,slowthreads
245,Slowthreads Jamdani Womens Grey Sleeveless Ruffle Dress,"₹5,390",https://upcycleluxe.com/products/slowthreads-jamdani-womens-grey-sleeveless-ruffle-dress-std1ppgj-xs-s,slowthreads
246,Slowthreads Hemp Womens White Long Shirt Dress (With Front Pockets),"₹9,900",https://upcycleluxe.com/products/slowthreads-hemp-womens-white-long-shirt-dress-with-front-pockets-std5wh-s-m,slowthreads
247,Slowthreads Linen Womens Peach Long Shirt Dress Plain,"₹8,750",https://upcycleluxe.com/products/slowthreads-linen-womens-peach-long-shirt-dress-plain-std5-2peli-s-m,slowthreads
248,Slowthreads Kala Cotton Womens Yellow Kaftan Dress,"₹6,975",https://upcycleluxe.com/products/slowthreads-kala-cotton-womens-yellow-kaftan-dress-std4bykc-xs-s,slowthreads
249,Slowthreads Kala Cotton Womens Yellow Waterfall Tunic,"₹7,990",https://upcycleluxe.com/products/slowthreads-kala-cotton-womens-yellow-waterfall-tunic-std7bykc-s-m,slowthreads
250,Slowthreads Kala Cotton Womens Bright Pink Waterfall Tunic,"₹7,990",https://upcycleluxe.com/products/slowthreads-kala-cotton-womens-bright-pink-waterfall-tunic-std7bpkc-m-l,slowthreads
251,Origami Coco Shirt,"₹5,000",https://upcycleluxe.com/products/origami-coco-shirt,something-sustainable
252,Mother Earth T-shirt,"₹1,500",https://upcycleluxe.com/products/mother-earth-t-shirt-1,something-sustainable
253,Something Sustainable Organic Cotton Riviera Tie Up Shirt,"₹7,000",https://upcycleluxe.com/products/something-sustainable-organic-cotton-riviera-tie-up-shirt,something-sustainable
254,Something Sustainable Organic Cotton Riviera Strap Top,"₹5,000",https://upcycleluxe.com/products/something-sustainable-organic-cotton-riviera-strap-top,something-sustainable
255,Something Sustainable Organic Cotton Spring Strappy Top,"₹3,000",https://upcycleluxe.com/products/something-sustainable-organic-cotton-spring-strappy-top,something-sustainable
256,Something Sustainable Organic Cotton Summer Rose Dress,"₹6,000",https://upcycleluxe.com/products/something-sustainable-organic-cotton-summer-rose-dress,something-sustainable
257,Something Sustainable Organic Cotton Holiday Bloom Shirt,"₹5,000",https://upcycleluxe.com/products/something-sustainable-organic-cotton-holiday-bloom-shirt,something-sustainable
258,Something Sustainable Organic Cotton Marigold Reversible Shirt,"₹9,500",https://upcycleluxe.com/products/something-sustainable-organic-cotton-marigold-reversible-shirt,something-sustainable
259,Something Sustainable Organic Cotton Marigold Unisex Shorts,"₹3,200",https://upcycleluxe.com/products/something-sustainable-organic-cotton-marigold-unisex-shorts,something-sustainable
260,Something Sustainable Organic Cotton Lush Indigo Dress,"₹6,500",https://upcycleluxe.com/products/something-sustainable-organic-cotton-lush-indigo-dress,something-sustainable
261,Something Sustainable Organic Cotton Sunshine Shirt,"₹5,500",https://upcycleluxe.com/products/something-sustainable-organic-cotton-sunshine-shirt,something-sustainable
262,Something Sustainable Organic Cotton Sunshine Shorts,"₹3,700",https://upcycleluxe.com/products/something-sustainable-organic-cotton-sunshine-shorts,something-sustainable
263,Something Sustainable Organic Cotton Forest Shorts,"₹4,200",https://upcycleluxe.com/products/something-sustainable-organic-cotton-forest-shorts,something-sustainable
264,Something Sustainable Organic Cotton Bloom Tote,"₹3,200",https://upcycleluxe.com/products/something-sustainable-organic-cotton-bloom-tote,something-sustainable
265,Something Sustainable  Origami Organic Khadi Boxy Shirt,"₹3,400",https://upcycleluxe.com/products/origami-organic-khadi-boxy-shirt,something-sustainable
266,Something Sustainable  Origami Organic Khadi Camp Dress,"₹6,100",https://upcycleluxe.com/products/origami-organic-khadi-camp-dress,something-sustainable
267,Something Sustainable  Ripple Organic Cotton Summer Shirt,"₹3,900",https://upcycleluxe.com/products/ripple-organic-cotton-summer-shirt,something-sustainable
268,Something Sustainable  Crop Top Duo in Organic Cotton,"₹1,699",https://upcycleluxe.com/products/crop-top-duo,something-sustainable
269,Something Sustainable  Leisure Drawstring Dress in Organic Cotton,"₹3,099",https://upcycleluxe.com/products/leisure-drawstring-dress-2,something-sustainable
270,Something Sustainable  Petal Pleated Dress in Organic Cotton,"₹3,299",https://upcycleluxe.com/products/petal-pleated-dress,something-sustainable
271,Something Sustainable  Core Organic Cotton T-shirt Dress,"₹2,699",https://upcycleluxe.com/products/core-t-shirt-dress,something-sustainable
272,Something Sustainable  Comfort Pleated Organic Cotton Skirt,"₹2,300",https://upcycleluxe.com/products/sustainable-pleated-skirt,something-sustainable
273,Something Sustainable  Celestial SOS Organic Cotton T-shirt,"₹1,500",https://upcycleluxe.com/products/celestial-sos-t-shirt,something-sustainable
274,Something Sustainable  Boxy Crop Top in Organic Cotton,"₹1,199",https://upcycleluxe.com/products/boxy-crop-top,something-sustainable
275,Something Sustainable  Organic Cotton Scrunchie Mix Bag,₹799,https://upcycleluxe.com/products/scrunchie-mix-bag,something-sustainable
276,Something Sustainable  Shibori Organic Cotton Skirt,"₹4,990",https://upcycleluxe.com/products/shibori-skirt,something-sustainable
277,Something Sustainable  Cloudy Coco Organic Cotton Dress,"₹5,699",https://upcycleluxe.com/products/cloudy-coco,something-sustainable
278,Studio Amala Mocha Mousse Luxe Midi Cotton Slip Dress,"₹11,900",https://upcycleluxe.com/products/studio-amala-mocha-mousse-luxe-midi-cotton-slip-dress,studio-amala
279,Studio Amala Rouge Velvet Royale Midi Skater Dress,"₹12,300",https://upcycleluxe.com/products/studio-amala-rouge-velvet-royale-midi-skater-dress,studio-amala
280,Studio Amala Cocoa Mousse Cotton Women’s Dark Brown Culottes,"₹9,700",https://upcycleluxe.com/products/studio-amala-cocoa-mousse-cotton-women-s-dark-brown-culottes,studio-amala
281,Studio Amala Rosé Velvet Cupro Satin Women’s Champagne Pink Shirt,"₹6,900",https://upcycleluxe.com/products/studio-amala-rose-velvet-cupro-satin-women-s-champagne-pink-shirt,studio-amala
282,Studio Amala Espresso Martini Linen Women’s Dark Brown Jumpsuit,"₹19,900",https://upcycleluxe.com/products/studio-amala-espresso-martini-linen-women-s-dark-brown-jumpsuit,studio-amala
283,Studio Amala Sand Dune Light Taupe Cotton Trench Dress,"₹17,800",https://upcycleluxe.com/products/studio-amala-sand-dune-light-taupe-cotton-trench-dress,studio-amala
284,Studio Amala Midnight Sapphire Navy Blue Slip Dress,"₹16,800",https://upcycleluxe.com/products/studio-amala-midnight-sapphire-navy-blue-slip-dress,studio-amala
285,Studio Amala Satin Women's Crimson Charm Red Satin Slip Dress,"₹10,700",https://upcycleluxe.com/products/studio-amala-satin-womens-crimson-charm-red-satin-slip-dress,studio-amala
286,Studio Amala Emerald Martini Green Velvet Mini Slip Dress,"₹10,800",https://upcycleluxe.com/products/studio-amala-emerald-martini-green-velvet-mini-slip-dress,studio-amala
287,Studio Amala Silver Moon Satin Mini Bow Dress,"₹15,700",https://upcycleluxe.com/products/studio-amala-silver-moon-satin-mini-bow-dress,studio-amala
288,Studio Amala Truffle Trench Brown Midi Cotton Dress,"₹25,300",https://upcycleluxe.com/products/studio-amala-truffle-trench-brown-midi-cotton-dress,studio-amala
289,Studio Amala Espresso Bliss Brown Cotton Mini Dress,"₹16,900",https://upcycleluxe.com/products/studio-amala-espresso-bliss-brown-cotton-mini-dress,studio-amala
290,Studio Amala Champagne Mist Beige Linen Blazer Dress,"₹26,300",https://upcycleluxe.com/products/studio-amala-champagne-mist-beige-linen-blazer-dress,studio-amala
291,Studio Amala Earthy Mocha Brown Cotton Tiered Midi Dress,"₹16,800",https://upcycleluxe.com/products/studio-amala-earthy-mocha-brown-cotton-tiered-midi-dress,studio-amala
292,Studio Amala Frosted Cloud Linen Women’s Powder Blue Jumpsuit,"₹18,900",https://upcycleluxe.com/products/studio-amala-frosted-cloud-linen-women-s-powder-blue-jumpsuit,studio-amala
293,Studio Amala Amber Glow Rust Orange Satin Slip Top,"₹7,900",https://upcycleluxe.com/products/studio-amala-amber-glow-rust-orange-satin-slip-top,studio-amala
294,Studio Amala Ivory Whisper White Linen Trouser,"₹8,900",https://upcycleluxe.com/products/studio-amala-ivory-whisper-white-linen-trouser,studio-amala
295,Studio Amala Cloud Kiss White Linen Mini Skirt,"₹8,100",https://upcycleluxe.com/products/studio-amala-cloud-kiss-white-linen-mini-skirt,studio-amala
296,Studio Amala Noir Velvet Midnight Blazer Dress,"₹20,900",https://upcycleluxe.com/products/studio-amala-noir-velvet-midnight-blazer-dress,studio-amala
297,Studio Amala Frosted Pearl White Linen Blazer Dress,"₹23,200",https://upcycleluxe.com/products/studio-amala-frosted-pearl-white-linen-blazer-dress,studio-amala
298,Studio Amala Bluebell Breeze Powder Blue Designer Midi Cotton Dress,"₹17,200",https://upcycleluxe.com/products/studio-amala-bluebell-breeze-powder-blue-designer-midi-cotton-dress,studio-amala
299,Studio Amala Satin Starlit Mini Dress,"₹15,900",https://upcycleluxe.com/products/studio-amala-satin-starlit-mini-dress,studio-amala
300,Studio Amala Rosé Blush Cotton Midi Designer Dress,"₹15,900",https://upcycleluxe.com/products/studio-amala-rose-blush-cotton-midi-designer-dress,studio-amala
301,Studio Amala Mocha Kiss Brown Sleeveless Top,"₹6,900",https://upcycleluxe.com/products/studio-amala-mocha-kiss-brown-sleeveless-top,studio-amala
302,Studio Amala Scarlet Silk Rouge Women's Designer Satin Shirt,"₹6,900",https://upcycleluxe.com/products/studio-amala-scarlet-silk-rouge-womens-designer-satin-shirt,studio-amala
303,Studio Amala Emerald Envy Women's Designer Satin Shirt,"₹6,900",https://upcycleluxe.com/products/studio-amala-emerald-envy-womens-designer-satin-shirt,studio-amala
304,Studio Amala Moonlight Martini Steele Gray Satin Shirt with White Piping,"₹7,700",https://upcycleluxe.com/products/studio-amala-moonlight-martini-steele-gray-satin-shirt-with-white-piping,studio-amala
305,Studio Amala Caramel Drizzle Linen Women's Waistcoat,"₹8,900",https://upcycleluxe.com/products/studio-amala-caramel-drizzle-linen-womens-waistcoat,studio-amala
306,Studio Amala Sundown Spice Cotton Women's Rust Orange Coordinated Set,"₹22,300",https://upcycleluxe.com/products/studio-amala-sundown-spice-cotton-womens-rust-orange-coordinated-set,studio-amala
307,The House of Hemp Lavender Whimsy Bloom Coord,"₹11,500",https://upcycleluxe.com/products/the-house-of-hemp-lavender-whimsy-bloom-coord,the-house-of-hemp
308,The House of Hemp Soothing Orange Sunset Bloom Coord,"₹12,000",https://upcycleluxe.com/products/the-house-of-hemp-soothing-orange-sunset-bloom-coord,the-house-of-hemp
309,The House of Hemp Burgundy Petal Coord,"₹12,000",https://upcycleluxe.com/products/the-house-of-hemp-burgundy-petal-coordl,the-house-of-hemp
310,The House of Hemp Olive Green Moss Sage Coord,"₹11,000",https://upcycleluxe.com/products/the-house-of-hemp-olive-green-moss-sage-coord,the-house-of-hemp
311,The House of Hemp Ivory Moon Bloom Coord,"₹12,000",https://upcycleluxe.com/products/the-house-of-hemp-ivory-moon-bloom-coord,the-house-of-hemp
312,The House of Hemp Dual Tone Parrot Green Minty Meadow,"₹11,000",https://upcycleluxe.com/products/the-house-of-hemp-dual-tone-parrot-green-minty-meadow,the-house-of-hemp
313,The House of Hemp Black Midnight Bloom Coord,"₹11,000",https://upcycleluxe.com/products/the-house-of-hemp-black-midnight-bloom-coord,the-house-of-hemp
314,The House of Hemp Dual Yellow Lemon Drop,"₹11,000",https://upcycleluxe.com/products/the-house-of-hemp-dual-yellow-lemon-drop,the-house-of-hemp
315,The House of Hemp Denim Blue Jawa Coord,"₹13,000",https://upcycleluxe.com/products/the-house-of-hemp-denim-blue-jawa-coord,the-house-of-hemp
316,The House of Hemp White Iris Pearl Coord,"₹11,000",https://upcycleluxe.com/products/the-house-of-hemp-white-iris-pearl-coors,the-house-of-hemp
317,The House of Hemp Ivory Freesia Pearl Coord,"₹13,000",https://upcycleluxe.com/products/the-house-of-hemp-ivory-freesia-pearl-coord,the-house-of-hemp
318,The House of Hemp Chocolate Brown Cinnamon Crunch Coord,"₹12,000",https://upcycleluxe.com/products/the-house-of-hemp-chocolate-brown-cinnamon-crunch-coord,the-house-of-hemp
319,The House of Hemp Sage Green Cannabis Coord,"₹13,000",https://upcycleluxe.com/products/the-house-of-hemp-sage-green-cannabis-coord,the-house-of-hemp
320,The House of Hemp Ivory Cannabis Coord,"₹13,000",https://upcycleluxe.com/products/the-house-of-hemp-ivory-cannabis-coord,the-house-of-hemp
321,The House of Hemp Soothing Orange Blush Coord,"₹13,000",https://upcycleluxe.com/products/the-house-of-hemp-soothing-orange-blush-coord,the-house-of-hemp
322,The House of Hemp Ruby Red Blush Coord,"₹13,000",https://upcycleluxe.com/products/the-house-of-hemp-ruby-red-blush-coord,the-house-of-hemp
323,The House of Hemp Dual Yellow Blush Coord,"₹13,000",https://upcycleluxe.com/products/the-house-of-hemp-dual-yellow-blush-coord,the-house-of-hemp
324,The House of Hemp Black Blah Blah Coord,"₹9,500",https://upcycleluxe.com/products/the-house-of-hemp-black-blah-blah-coord,the-house-of-hemp
325,The House of Hemp Aqua Blue Shell Coord,"₹10,000",https://upcycleluxe.com/products/the-house-of-hemp-aqua-blue-shell-coord,the-house-of-hemp
326,The House of Hemp Mint Green Gladiolus Coord,"₹11,000",https://upcycleluxe.com/products/the-house-of-hemp-mint-green-gladiolus-coord,the-house-of-hemp
327,The House of Hemp Peach Celosia Coord,"₹12,000",https://upcycleluxe.com/products/the-house-of-hemp-peach-celosia-coord,the-house-of-hemp
328,The House of Hemp Marine Blue Aster Coord,"₹10,000",https://upcycleluxe.com/products/the-house-of-hemp-marine-blue-aster-coord,the-house-of-hemp
329,The House of Hemp Olive Green Isla Coord,"₹10,000",https://upcycleluxe.com/products/the-house-of-hemp-olive-green-isla-coord,the-house-of-hemp
330,The House of Hemp Boho Orange Kai Coord,"₹10,000",https://upcycleluxe.com/products/the-house-of-hemp-boho-orange-kai-coord,the-house-of-hemp
331,The House of Hemp Lavender Aster Coord,"₹10,000",https://upcycleluxe.com/products/the-house-of-hemp-lavender-aster-coord,the-house-of-hemp
332,The House of Hemp Marine Blue Kali Coord,"₹11,500",https://upcycleluxe.com/products/the-house-of-hemp-marine-blue-kali-coord,the-house-of-hemp
333,The House of Hemp Lavender Columbine Coord,"₹9,500",https://upcycleluxe.com/products/the-house-of-hemp-lavender-columbine-coord,the-house-of-hemp
334,The House of Hemp Orange Key To Life Shirt,"₹6,000",https://upcycleluxe.com/products/the-house-of-hemp-orange-key-to-life-shirt,the-house-of-hemp
335,The House of Hemp White Awww Phool Shirt,"₹6,000",https://upcycleluxe.com/products/the-house-of-hemp-white-awww-phool-shirt,the-house-of-hemp
336,The House of Hemp Lemon Yellow Key to Life Coord,"₹9,500",https://upcycleluxe.com/products/the-house-of-hemp-lemon-yellow-key-to-life-coord,the-house-of-hemp
337,The House of Hemp Sage Green Prick Shirt,"₹6,000",https://upcycleluxe.com/products/the-house-of-hemp-sage-green-prick-shirt,the-house-of-hemp
338,The House of Hemp Charcoal Grey Mamba Coord,"₹9,500",https://upcycleluxe.com/products/the-house-of-hemp-charcoal-grey-mamba-coord,the-house-of-hemp
339,The House of Hemp Beige Mocca Coord,"₹9,000",https://upcycleluxe.com/products/the-house-of-hemp-beige-mocca-coord,the-house-of-hemp
340,The House of Hemp Candy Pink Viola Coord,"₹9,000",https://upcycleluxe.com/products/the-house-of-hemp-candy-pink-viola-coord,the-house-of-hemp
341,The House of Hemp Fuchsia Coord,"₹11,500",https://upcycleluxe.com/products/the-house-of-hemp-fuchsia-coord,the-house-of-hemp
342,The House of Hemp Lavender Sunflower Coord,"₹11,500",https://upcycleluxe.com/products/the-house-of-hemp-lavender-sunflower-coord,the-house-of-hemp
343,Un Denim - Crossbody Sling Bag with Bottle Holder,₹807,https://upcycleluxe.com/products/un-denim-crossbody-sling-bag-with-bottle-holder,un-denim
344,Un Denim - Mid Indigo Half-Sleeved Shirt | Lightweight Denim,"₹2,239",https://upcycleluxe.com/products/un-denim-mid-indigo-half-sleeved-shirt-lightweight-denim-unbhush1001003,un-denim
345,Un Denim  - Light Indigo Half-Sleeved Shirt | Lightweight Denim,"₹2,239",https://upcycleluxe.com/products/light-indigo-half-sleeved-shirt-lightweight-denim-unbhush1001002,un-denim
346,Un Denim - Dark Indigo Short Top X Waist Coat | Lightweight Denim,"₹2,239",https://upcycleluxe.com/products/un-denim-dark-indigo-short-top-x-waist-coat-lightweight-denim-unbhuat1001001,un-denim
347,Un Denim - Dark Indigo Full-Sleeved Shacket | Lightweight Denim,"₹2,639",https://upcycleluxe.com/products/un-denim-dark-indigo-full-sleeved-shacket-lightweight-denim-unbhush1001001,un-denim
348,Un Denim - Panelled Shift Dress | Lightweight Denim,"₹2,799",https://upcycleluxe.com/products/un-denim-panelled-shift-dress-lightweight-denim-unrsmad2000001,un-denim
349,Un Denim - Sashiko Patchwork Mid Indigo Comfortable Men's Jeans,"₹5,199",https://upcycleluxe.com/products/un-denim-sashiko-patchwork-mid-indigo-comfortable-mens-jeans,un-denim
350,Un Denim - Distressed Mid Indigo Patchwork Men's Jeans,"₹3,999",https://upcycleluxe.com/products/un-denim-distressed-mid-indigo-patchwork-men-s-jeans-unrsmbo1000005,un-denim
351,Un Denim - Distressed Mid Indigo Patchwork Men's Jeans,"₹3,999",https://upcycleluxe.com/products/un-denim-distressed-mid-indigo-patchwork-men-s-jeans-unrsmbo1000004,un-denim
352,Un Denim - Distressed Mid Indigo Patchwork Women's Jeans,"₹3,999",https://upcycleluxe.com/products/un-denim-distressed-mid-indigo-patchwork-women-s-jeans-unrsmbo1000003,un-denim
353,Un Denim - Distressed Mid Indigo Patchwork Women's Jeans,"₹3,999",https://upcycleluxe.com/products/un-denim-distressed-mid-indigo-patchwork-women-s-jeans-unrsmbo1000002,un-denim
354,Un Denim - Sashiko Patchwork Mid Indigo Comfortable Women's Jeans,"₹5,199",https://upcycleluxe.com/products/un-denim-sashiko-patchwork-mid-indigo-comfortable-women-s-jeans-unrsmbo1000001,un-denim
355,Un Denim - Air Force Indigo Backpack Denim Jacket,"₹3,999",https://upcycleluxe.com/products/un-denim-air-force-indigo-backpack-denim-jacket-unrsmja6001006,un-denim
356,Un Denim - Oxford Indigo Backpack Denim Jacket,"₹3,999",https://upcycleluxe.com/products/un-denim-oxford-indigo-backpack-denim-jacket-unrsmja6007087,un-denim
357,Un Denim - Midnight Indigo Backpack Denim Jacket,"₹3,999",https://upcycleluxe.com/products/un-denim-midnight-indigo-backpack-denim-jacket-unrsmja0001050,un-denim
358,Un Denim - Space Grey Backpack Denim Jacket,"₹3,999",https://upcycleluxe.com/products/un-denim-space-grey-backpack-denim-jacket-unrsmja6010083,un-denim
359,Un Denim - 100% Cotton Unisex Upcycled Denim Kimono Jacket | 221,"₹4,799",https://upcycleluxe.com/products/un-denim-100-cotton-unisex-upcycled-denim-kimono-jacket-221-unrsuja7007047,un-denim
360,Un Denim - 100% Cotton Unisex Upcycled Denim Kimono Jacket | 224,"₹4,799",https://upcycleluxe.com/products/un-denim-100-cotton-unisex-upcycled-denim-kimono-jacket-224-unrsuja8001021,un-denim
361,Un Denim - 100% Cotton Unisex Upcycled Denim Kimono Jacket | 225,"₹4,799",https://upcycleluxe.com/products/un-denim-100-cotton-unisex-upcycled-denim-kimono-jacket-225-unrsuja8001043,un-denim
362,Un Denim - 100% Cotton Unisex Upcycled Denim Kimono Jacket | 228,"₹4,799",https://upcycleluxe.com/products/un-denim-100-cotton-unisex-upcycled-denim-kimono-jacket-228-unrsuja8001085,un-denim
363,Un Denim - 100% Cotton Unisex Upcycled Denim Gilet Jacket | 189,"₹3,999",https://upcycleluxe.com/products/un-denim-100-cotton-unisex-upcycled-denim-gilet-jacket-189-unrsuja4004032,un-denim
364,Un Denim - 100% Cotton Unisex Upcycled Denim Kimono Jacket | 226,"₹4,799",https://upcycleluxe.com/products/un-denim-100-cotton-unisex-upcycled-denim-kimono-jacket-226-unrsuja8001044,un-denim
365,Un Denim - 100% Cotton Unisex Upcycled Denim Gilet Jacket | 188,"₹3,999",https://upcycleluxe.com/products/un-denim-100-cotton-unisex-upcycled-denim-gilet-jacket-188-unrsuja4004027,un-denim
366,Un Denim - 100% Cotton Unisex Upcycled Denim Gilet Jacket | 187,"₹3,999",https://upcycleluxe.com/products/un-denim-100-cotton-unisex-upcycled-denim-gilet-jacket-187-unrsuja8009044,un-denim
367,Un Denim - 100% Cotton Unisex Upcycled Denim Gilet Jacket | 186,"₹3,999",https://upcycleluxe.com/products/un-denim-100-cotton-unisex-upcycled-denim-gilet-jacket-186-unrsuja7010067,un-denim
368,Un Denim - 100% Cotton Unisex Upcycled Denim Gilet Jacket | 183,"₹3,999",https://upcycleluxe.com/products/un-denim-100-cotton-unisex-upcycled-denim-gilet-jacket-183-unrsuja7003041,un-denim
369,Un Denim - 100% Cotton Unisex Upcycled Denim Gilet Jacket | 182,"₹3,999",https://upcycleluxe.com/products/un-denim-100-cotton-unisex-upcycled-denim-gilet-jacket-182-unrsuja7002037,un-denim
370,Un Denim - 100% Cotton Unisex Upcycled Denim Gilet Jacket | G175,"₹3,999",https://upcycleluxe.com/products/un-denim-100-cotton-unisex-upcycled-denim-gilet-jacket-g175-unrsuja4004048,un-denim
371,Un Denim - 100% Cotton Unisex Upcycled Denim Gilet Jacket | G172,"₹3,999",https://upcycleluxe.com/products/un-denim-100-cotton-unisex-upcycled-denim-gilet-jacket-g172-unrsuja8009081,un-denim
372,Un Denim - 100% Cotton Unisex Upcycled Denim Gilet Jacket | G164,"₹3,999",https://upcycleluxe.com/products/un-denim-100-cotton-unisex-upcycled-denim-gilet-jacket-g164-unrsuja8008018,un-denim
373,Un Denim - 100% Cotton Unisex Upcycled Denim Gilet Jacket | G162,"₹3,999",https://upcycleluxe.com/products/un-denim-100-cotton-unisex-upcycled-denim-gilet-jacket-g162-unrsuja8006086,un-denim
374,Un Denim - 100% Cotton Unisex Upcycled Denim Gilet Jacket | G161,"₹3,999",https://upcycleluxe.com/products/un-denim-100-cotton-unisex-upcycled-denim-gilet-jacket-g161-unrsuja8006040,un-denim
375,Un Denim - 100% Cotton Unisex Upcycled Denim Gilet Jacket | G160,"₹3,999",https://upcycleluxe.com/products/un-denim-100-cotton-unisex-upcycled-denim-gilet-jacket-g160-unrsuja8006037,un-denim
376,Un Denim - 100% Cotton Unisex Upcycled Denim Gilet Jacket | G159,"₹3,999",https://upcycleluxe.com/products/un-denim-100-cotton-unisex-upcycled-denim-gilet-jacket-g159-unrsuja8006031,un-denim
377,Un Denim - 100% Cotton Unisex Upcycled Denim Gilet Jacket | G156,"₹3,999",https://upcycleluxe.com/products/un-denim-100-cotton-unisex-upcycled-denim-gilet-jacket-g156-unrsuja8005059,un-denim
378,Un Denim - 100% Cotton Unisex Upcycled Denim Gilet Jacket | G174,"₹3,999",https://upcycleluxe.com/products/un-denim-100-cotton-unisex-upcycled-denim-gilet-jacket-g174-unrsuja4004044,un-denim
